,Oficina,CP - Numero,CP - Valor,MP - Numero,MP - Valor,T - Numero,T - Valor,Check - Valor,Check - Numero
0,medellin,1792,292166458,725,375507315,2517,667673773,0,0
1,abejorral,307,31803800,5,1105000,312,32908800,0,0
2,andes,426,60117100,139,31520000,565,91637100,0,0
3,bolivar,300,109830000,15,8730000,315,118560000,0,0
4,concordia,366,56468333,98,14318638,464,70786971,0,0
5,fredonia,398,121975145,31,22195029,429,144170174,0,0
6,frontino,888,66049889,83,26061336,971,92111225,0,0
7,ituango,480,37076632,51,16246607,531,53323239,0,0
8,jerico,366,72579000,84,24949323,450,97528323,0,0
9,rionegro,989,55074959,162,47338272,1151,102413231,0,0
10,santa rosa de osos,99,8041305,311,76487726,410,84529031,0,0
11,sonson,929,70364633,107,26875645,1036,97240278,0,0
12,tamesis,848,85139634,281,43329125,1129,128468759,0,0
13,turbo,235,10454401,41,19672525,276,30126926,0,0
14,taramal,753,60304602,367,98792485,1120,159097087,0,0
15,yolombo,728,54463520,140,49076277,868,103539797,0,0
16,liborina,505,34413002,48,8236790,553,42649792,0,0
17,sopetran,582,29164038,36,9846193,618,39010231,0,0
18,granada,675,29726621,62,10339462,737,40066083,0,0
19,barranquilla,1109,272014795,281,171672950,1390,443687745,0,0
20,cartagena,728,94014541,318,190296477,1046,284311018,0,0
21,corozal,164,12818578,526,150702564,690,163521142,0,0
22,el carmen,393,25366134,357,107576285,750,132942419,0,0
23,magangue,323,18351845,651,151816373,974,170168218,0,0
24,maria la baja,600,24124989,112,36287760,712,60412749,0,0
25,mompos,184,19394102,394,115381540,578,134775742,-100,0
26,san marcos,184,23955606,124,58400171,308,82355867,-90,0
27,san onofre,475,28182343,100,35376100,575,63558443,0,0
28,sincelejo,485,37869500,322,134073994,807,171943494,0,0
29,calamar,97,11603559,50,31380000,147,42983559,0,0
30,tunja,3471,461886802,289,114733446,3760,576620248,0,0
31,chiquinquira,3161,240339744,244,67738158,3405,308077902,0,0
32,duitama,2314,226816545,124,38001271,2438,264817816,0,0
33,el cocuy,1556,97973606,45,12377029,1601,110350635,0,0
34,guateque,902,46757970,61,10330000,963,57087970,0,0
35,miraflores,419,23424973,162,15454272,581,38879245,0,0
36,meniquira,2014,114336522,252,61454367,2266,175790889,0,0
37,pauma,849,60804337,56,11429128,905,72233465,0,0
38,pesca,1721,94925350,72,18317909,1793,113243259,0,0
39,ramiriqui,1490,124542050,196,27128090,1686,151670140,0,0
40,soata,2403,191842282,123,31821323,2526,223663605,0,0
41,sogamoso,2789,167183799,120,52566677,2909,219750476,0,0
42,leiva,1661,138774440,141,45460179,1802,184234619,0,0
43,puebloviejo,809,33211900,7,1830000,816,35041900,0,0
44,guayata,471,24446664,28,4076000,499,28522664,0,0
45,socha,762,58275209,20,5410052,782,63685261,0,0
46,garagoa,512,39806000,142,21742500,654,61548500,0,0
47,manizales,650,121183270,187,84590106,837,205773376,0,0
48,aguadas,710,73421603,66,30071300,776,103492903,0,0
49,anserma,705,96715767,164,34936247,869,131652014,0,0
50,apia,321,72053800,166,49185400,487,121239200,0,0
51,armenia,876,149160053,352,115280454,1228,264440507,0,0
52,calarca,542,120606600,244,65955800,786,186562400,0,0
53,la dorada,132,41687948,120,93585890,252,135273838,0,0
54,manzanares,1043,103463627,102,31817877,1145,135281504,0,0
55,pensilvania,1090,97950100,135,24831000,1225,122781100,0,0
56,pereira,459,96709260,311,115990303,770,212699563,0,0
57,pijao,137,33235957,86,28776422,223,62012379,0,0
58,riosucio,1303,66658000,123,34546876,1426,101204876,0,0
59,salamina,929,84373466,305,78198000,1234,162571466,0,0
60,santa rosa de c,520,53909015,322,56715605,842,110624620,0,0
61,santuario,361,81841455,160,43973363,521,125814818,0,0
62,filandia,173,12990665,41,4099945,214,17090610,0,0
63,marsella,168,22563500,104,11414500,272,33978000,0,0
64,popayan,2122,194483622,417,170239367,2539,364722989,0,0
65,bolivar,354,28483030,216,29890579,570,58373609,0,0
66,puerto tejada,550,47823697,103,39726625,653,87550322,0,0
67,santander,723,61719139,199,45789135,922,107508274,0,0
68,el tambo,540,24240600,57,9198836,597,33439438,-2,0
69,monteria,689,128304566,176,111701211,865,240005779,-2,0
70,ayapel,203,30300533,164,62426701,367,92721234,6000,0
71,lorica,1543,121393257,178,77226882,1721,198620139,0,0
72,sahagun,549,40737713,458,129671148,1007,170408861,0,0
73,cerete,583,100020138,264,85201868,847,185222006,0,0
74,tierralta,92,12791685,22,7387500,114,20179185,0,0
75,bogota,1184,360145555,736,466690568,1920,826836123,0,0
76,anolaima,603,71029000,18,7537857,621,78566867,-10,0
77,choconta,1095,82057365,141,31353144,1236,113410509,0,0
78,facatativa,1182,176340088,106,53997013,1288,230337101,0,0
79,fusagasuga,1133,102117830,101,32436841,1234,133654671,900000,0
80,gacheta,2017,131748488,212,35614035,2229,167362523,0,0
81,girardot,829,203121400,151,87047262,980,290168662,0,0
82,guatavita,264,33999800,13,5559000,277,39558800,0,0
83,la mesa,1348,111748157,55,22457593,1405,134205750,0,-2
84,la palma,625,36759809,67,16666394,692,53426203,0,0
85,pacho,800,69865423,74,33814556,874,103679979,0,0
86,sasaima,310,27879826,44,15471157,354,43350983,0,0
87,soacha,451,64467100,28,8331900,479,72799000,0,0
88,sopo,131,19652500,12,7272612,143,26925112,0,0
89,ubate,1166,103769990,156,76455032,1322,180225022,0,0
90,une,944,71094723,154,24110135,1098,95204858,0,0
91,chia,119,14464400,26,7077286,145,21541688,-2,0
92,fomeque,459,32491758,112,17942899,571,50434657,0,0
93,villeta,269,29824500,21,8453500,290,38278000,0,0
94,la calera,195,17979250,51,21259959,246,39239209,0,0
95,guasca,177,19843000,4,942100,181,20785100,0,0
96,san juan de rioseco,563,96131200,29,18744832,592,114876032,0,0
97,arbelaez,575,45631000,53,21007077,628,66638077,0,0
98,la peña,229,15586500,32,7629000,261,23215500,0,0
99,vergara,276,29139772,3,775000,279,29914772,0,0
100,zipaquira,395,48573563,84,35862060,479,84435623,0,0
101,neiva,914,153745839,251,103354339,1165,257100178,0,0
102,garzon,915,73215392,301,68130318,1216,141345710,0,0
103,la plata,389,27548007,235,37735302,624,65283309,0,0
104,pitalito,915,71291840,116,24354000,1031,95645840,0,0
105,yaguara,288,58473200,72,19714555,360,78187755,0,0
106,san agustin,268,28396500,50,18357500,318,46754000,0,0
107,baraya,158,21860342,50,10727988,208,32588330,0,0
108,acevedo,532,25445000,38,6380727,570,31825727,0,0
109,palermo,217,27262500,38,9939500,255,37202000,0,0
110,santa marta,390,78368519,155,67573153,545,145941672,0,0
111,chiriguana,215,13372197,253,44564763,468,57936960,0,0
112,el banco,188,36186508,504,125992195,692,162178703,0,0
113,fundacion,202,65989647,333,179835952,535,245825599,0,0
114,plato,315,49516929,641,194434057,956,243950986,0,0
115,san juan del cesar,237,38423475,324,82365475,561,120778950,10000,0
116,valledupar,464,92649656,530,190575257,994,283224913,0,0
117,villanueva,281,37291236,189,46378157,470,83669393,0,0
118,riohacha,46,2979894,67,15312000,113,18291894,0,0
119,pasto,1466,114879328,1121,249482796,2587,364362124,0,0
120,ipiales,756,78945950,250,46363527,1006,125309477,0,0
121,la cruz,818,79434500,146,29263000,964,108697500,0,0
122,la union,849,70561553,297,49113885,1146,119675438,0,0
123,tuquerres,665,46314080,394,55848582,1059,102162662,0,0
124,sandona,215,15087000,43,7703400,258,22790400,0,0
125,samaniago,268,15738227,90,10338964,358,26077191,0,0
126,cucuta,886,203642900,276,167243460,1162,370886360,0,0
127,cachira,298,20442000,85,16638000,383,37080000,0,0
128,chinacota,292,33806862,82,19677763,374,53484625,0,0
129,ocaña,1156,134976809,397,179343789,1553,314320598,0,0
130,pamplona,821,70983930,328,68818808,1149,139802738,0,0
131,salazar,672,65812597,207,20811923,879,86624520,0,0
132,sardinata,507,66051795,40,9642500,547,75694295,0,0
133,toledo,463,38171003,97,18037700,560,56208703,0,0
134,bucaramanga,1338,155479480,343,150755039,1681,306234519,0,0
135,charala,735,68814600,171,39014974,906,107829574,0,0
136,malaga,1374,88310033,29,8493300,1403,96803333,0,0
137,puente nacional,444,27191196,463,58121345,907,85312541,0,0
138,rionegro,293,37956106,71,13649800,364,51605906,0,0
139,san andres,540,34827500,115,23505000,655,58332500,0,0
140,san gil,837,91286797,128,43492576,965,134779373,0,0
141,san vicente,355,44358128,175,61924409,530,106282537,0,0
142,socorro,1007,113017383,285,112488726,1292,225506109,0,0
143,velez,640,46851906,170,33406090,810,80257996,0,0
144,surata,139,8283000,24,3772000,163,12055000,0,0
145,matanza,426,23287457,44,8693621,470,31981078,0,0
146,ibague,1797,329253386,864,332082387,2661,661335773,0,0
147,armero,488,131871923,204,82341059,692,214212982,0,0
148,chaparral,269,28188513,76,30128246,345,58316759,0,0
149,espinal,834,88504103,120,52400742,954,140904845,0,0
150,fresno,630,50985377,93,31588660,723,82574037,0,0
151,guamo,842,73216500,132,63433975,974,136650475,0,0
152,honda,556,70534946,140,56652921,696,127187867,0,0
153,icononzo,578,54668651,82,20205360,660,74874011,0,0
154,libano,676,80997000,201,46433962,877,127430962,0,0
155,ortega,501,56948000,131,29173496,632,86121496,0,0
156,purificacion,883,141047587,472,128717334,1355,269764901,20,0
157,san antonio,215,30366024,57,15812097,272,46178121,0,0
158,san luis,380,31424791,55,15497259,435,46927050,-5000,0
159,villahermosa,349,25345100,88,13856742,437,39201842,0,0
160,herveo,164,14078000,22,4655500,186,18733500,0,0
161,santa isabel,101,20405000,44,9634079,145,30039079,0,0
162,cali,1184,124142597,591,225293531,1775,349436128,0,0
163,buga,735,62158239,347,109078099,1082,171236338,0,0
164,caicedonia,350,85245900,164,49447700,514,134693800,-200,0
165,cartago,800,170026088,187,105188035,987,275214123,0,0
166,palmira,622,78519200,260,117981693,882,196500893,0,0
167,roldanillo,842,103219876,368,120402172,1210,223622048,0,0
168,sevilla,396,73500200,321,104801000,717,178304200,-3000,0
169,tulua,1116,146505320,319,117155599,1435,263660919,0,0
170,trujillo,391,54029041,117,35131757,508,89160798,0,0
171,el aguila,172,31644000,20,6922000,192,38566000,0,0
172,el cairo,213,39669000,34,8908000,247,48577000,0,0
173,cerrito,125,11580100,58,22248100,183,33828200,0,0
174,arauca,144,20562546,91,26686870,235,47249416,0,0
175,florencia,1054,73933017,298,95063676,1352,168996693,0,0
176,san andres,78,2926200,4,390000,82,3316200,0,0
177,villavicencio,860,137571167,149,54251109,1009,191822276,0,0
178,mocoa,81,4555000,91,14159000,172,18714000,0,0
