,Cod Dep,Cod Mun,Oficina,Departamento,Anio,CP - Numero,CP - Valor,MP - Numero,MP - Valor,LP - Numero,LP - Valor,T - Numero,T - Valor
0,5,5002,abejorral,antioquia,1952,307,31803800.0,5,1105000.0,0,0.0,312,32908800.0
1,5,5034,andes,antioquia,1952,426,60117100.0,139,31520000.0,0,0.0,565,91637100.0
2,5,5101,bolivar,antioquia,1952,300,109830000.0,15,8730000.0,0,0.0,315,118560000.0
3,5,5209,concordia,antioquia,1952,366,56468333.0,98,14318638.0,0,0.0,464,70786971.0
4,5,5282,fredonia,antioquia,1952,398,121975145.0,31,22195029.0,0,0.0,429,144170174.0
5,5,5284,frontino,antioquia,1952,888,66049889.0,83,26061336.0,0,0.0,971,92111225.0
6,5,5313,granada,antioquia,1952,675,29726621.0,62,10339462.0,0,0.0,737,40066083.0
7,5,5361,ituango,antioquia,1952,480,37076632.0,51,16246607.0,0,0.0,531,53323239.0
8,5,5368,jerico,antioquia,1952,366,72579000.0,84,24949323.0,0,0.0,450,97528323.0
9,5,5411,liborina,antioquia,1952,505,34413002.0,48,8236790.0,0,0.0,553,42649792.0
10,5,5001,medellin,antioquia,1952,1792,292166458.0,725,375507315.0,0,0.0,2517,667673773.0
11,5,5615,rionegro,antioquia,1952,989,55074959.0,162,47338272.0,0,0.0,1151,102413231.0
12,5,5686,santa rosa de osos,antioquia,1952,99,8041305.0,311,76487726.0,0,0.0,410,84529031.0
13,5,5756,sonson,antioquia,1952,929,70364633.0,107,26875645.0,0,0.0,1036,97240278.0
14,5,5761,sopetran,antioquia,1952,582,29164038.0,36,9846193.0,0,0.0,618,39010231.0
15,5,5789,tamesis,antioquia,1952,848,85139634.0,281,43329125.0,0,0.0,1129,128468759.0
16,5,5837,turbo,antioquia,1952,235,10454401.0,41,19672525.0,0,0.0,276,30126926.0
17,5,5887,yarumal,antioquia,1952,753,60304602.0,367,98792485.0,0,0.0,1120,159097087.0
18,5,5890,yolombo,antioquia,1952,728,54463520.0,140,49076277.0,0,0.0,868,103539797.0
19,81,81001,arauca,arauca,1952,144,20562546.0,91,26686870.0,0,0.0,235,47249416.0
20,8,8001,barranquilla,atlantico,1952,1109,272014795.0,281,171672950.0,0,0.0,1390,443687745.0
21,13,13140,calamar,bolivar,1952,97,11603559.0,50,31380000.0,0,0.0,147,42983559.0
22,13,13001,cartagena,bolivar,1952,728,94014541.0,318,190296477.0,0,0.0,1046,284311018.0
23,13,70215,corozal,bolivar,1952,164,12818578.0,526,150702564.0,0,0.0,690,163521142.0
24,13,13244,el carmen,bolivar,1952,393,25366134.0,357,107576285.0,0,0.0,750,132942419.0
25,13,13430,magangue,bolivar,1952,323,18351845.0,651,151816373.0,0,0.0,974,170168218.0
26,13,13442,maria la baja,bolivar,1952,600,24124989.0,112,36287760.0,0,0.0,712,60412749.0
27,13,13468,mompos,bolivar,1952,184,19394102.0,394,115381540.0,0,0.0,578,134775742.0
28,13,70708,san marcos,bolivar,1952,184,23955606.0,124,58400171.0,0,0.0,308,82355867.0
29,13,70713,san onofre,bolivar,1952,475,28182343.0,100,35376100.0,0,0.0,575,63558443.0
30,13,70001,sincelejo,bolivar,1952,485,37869500.0,322,134073994.0,0,0.0,807,171943494.0
31,15,15176,chiquinquira,boyaca,1952,3161,240339744.0,244,67738158.0,0,0.0,3405,308077902.0
32,15,15238,duitama,boyaca,1952,2314,226816545.0,124,38001271.0,0,0.0,2438,264817816.0
33,15,15244,el cocuy,boyaca,1952,1556,97973606.0,45,12377029.0,0,0.0,1601,110350635.0
34,15,15299,garagoa,boyaca,1952,512,39806000.0,142,21742500.0,0,0.0,654,61548500.0
35,15,15322,guateque,boyaca,1952,902,46757970.0,61,10330000.0,0,0.0,963,57087970.0
36,15,15325,guayata,boyaca,1952,471,24446664.0,28,4076000.0,0,0.0,499,28522664.0
37,15,15407,leiva,boyaca,1952,1661,138774440.0,141,45460179.0,0,0.0,1802,184234619.0
38,15,15455,miraflores,boyaca,1952,419,23424973.0,162,15454272.0,0,0.0,581,38879245.0
39,15,15469,moniquira,boyaca,1952,2014,114336522.0,252,61454367.0,0,0.0,2266,175790889.0
40,15,15531,pauna,boyaca,1952,849,60804337.0,56,11429128.0,0,0.0,905,72233465.0
41,15,15542,pesca,boyaca,1952,1721,94925350.0,72,18317909.0,0,0.0,1793,113243259.0
42,15,15755,puebloviejo,boyaca,1952,809,33211900.0,7,1830000.0,0,0.0,816,35041900.0
43,15,15599,ramiriqui,boyaca,1952,1490,124542050.0,196,27128090.0,0,0.0,1686,151670140.0
44,15,15753,soata,boyaca,1952,2403,191842282.0,123,31821323.0,0,0.0,2526,223663605.0
45,15,15757,socha,boyaca,1952,762,58275209.0,20,5410052.0,0,0.0,782,63685261.0
46,15,15759,sogamoso,boyaca,1952,2789,167183799.0,120,52566677.0,0,0.0,2909,219750476.0
47,15,15001,tunja,boyaca,1952,3471,461886802.0,289,114733446.0,0,0.0,3760,576620248.0
48,17,17013,aguadas,caldas,1952,710,73421603.0,66,30071300.0,0,0.0,776,103492903.0
49,17,17042,anserma,caldas,1952,705,96715767.0,164,34936247.0,0,0.0,869,131652014.0
50,17,66045,apia,caldas,1952,321,72053800.0,166,49185400.0,0,0.0,487,121239200.0
51,17,63001,armenia,caldas,1952,876,149160053.0,352,115280454.0,0,0.0,1228,264440507.0
52,17,63130,calarca,caldas,1952,542,120606600.0,244,65955800.0,0,0.0,786,186562400.0
53,17,63272,filandia,caldas,1952,173,12990665.0,41,4099945.0,0,0.0,214,17090610.0
54,17,17380,la dorada,caldas,1952,132,41687948.0,120,93585890.0,0,0.0,252,135273838.0
55,17,17001,manizales,caldas,1952,650,121183270.0,187,84590106.0,0,0.0,837,205773376.0
56,17,17433,manzanares,caldas,1952,1043,103463627.0,102,31817877.0,0,0.0,1145,135281504.0
57,17,66440,marsella,caldas,1952,168,22563500.0,104,11414500.0,0,0.0,272,33978000.0
58,17,17541,pensilvania,caldas,1952,1090,97950100.0,135,24831000.0,0,0.0,1225,122781100.0
59,17,66001,pereira,caldas,1952,459,96709260.0,311,115990303.0,0,0.0,770,212699563.0
60,17,63548,pijao,caldas,1952,137,33235957.0,86,28776422.0,0,0.0,223,62012379.0
61,17,17614,riosucio,caldas,1952,1303,66658000.0,123,34546876.0,0,0.0,1426,101204876.0
62,17,17653,salamina,caldas,1952,929,84373466.0,305,78198000.0,0,0.0,1234,162571466.0
63,17,66682,santa rosa de cabal,caldas,1952,520,53909015.0,322,56715605.0,0,0.0,842,110624620.0
64,17,66687,santuario,caldas,1952,361,81841455.0,160,43973363.0,0,0.0,521,125814818.0
65,18,18001,florencia,caqueta,1952,1054,73933017.0,298,95063676.0,0,0.0,1352,168996693.0
66,19,19100,bolivar,cauca,1952,354,28483030.0,216,29890579.0,0,0.0,570,58373609.0
67,19,19256,el tambo,cauca,1952,540,24240600.0,57,9198836.0,0,0.0,597,33439438.0
68,19,19001,popayan,cauca,1952,2122,194483622.0,417,170239367.0,0,0.0,2539,364722989.0
69,19,19573,puerto tejada,cauca,1952,550,47823697.0,103,39726625.0,0,0.0,653,87550322.0
70,19,19698,santander,cauca,1952,723,61719139.0,199,45789135.0,0,0.0,922,107508274.0
71,23,23068,ayapel,cordoba,1952,203,30300533.0,164,62426701.0,0,0.0,367,92721234.0
72,23,23162,cerete,cordoba,1952,583,100020138.0,264,85201868.0,0,0.0,847,185222006.0
73,23,23417,lorica,cordoba,1952,1543,121393257.0,178,77226882.0,0,0.0,1721,198620139.0
74,23,23001,monteria,cordoba,1952,689,128304566.0,176,111701211.0,0,0.0,865,240005779.0
75,23,23660,sahagun,cordoba,1952,549,40737713.0,458,129671148.0,0,0.0,1007,170408861.0
76,23,23807,tierralta,cordoba,1952,92,12791685.0,22,7387500.0,0,0.0,114,20179185.0
77,25,25040,anolaima,cundinamarca,1952,603,71029000.0,18,7537857.0,0,0.0,621,78566867.0
78,25,25053,arbelaez,cundinamarca,1952,575,45631000.0,53,21007077.0,0,0.0,628,66638077.0
79,25,11001,bogota,cundinamarca,1952,1184,360145555.0,736,466690568.0,0,0.0,1920,826836123.0
80,25,25175,chia,cundinamarca,1952,119,14464400.0,26,7077286.0,0,0.0,145,21541688.0
81,25,25183,choconta,cundinamarca,1952,1095,82057365.0,141,31353144.0,0,0.0,1236,113410509.0
82,25,25269,facatativa,cundinamarca,1952,1182,176340088.0,106,53997013.0,0,0.0,1288,230337101.0
83,25,25279,fomeque,cundinamarca,1952,459,32491758.0,112,17942899.0,0,0.0,571,50434657.0
84,25,25290,fusagasuga,cundinamarca,1952,1133,102117830.0,101,32436841.0,0,0.0,1234,133654671.0
85,25,25297,gacheta,cundinamarca,1952,2017,131748488.0,212,35614035.0,0,0.0,2229,167362523.0
86,25,25307,girardot,cundinamarca,1952,829,203121400.0,151,87047262.0,0,0.0,980,290168662.0
87,25,25322,guasca,cundinamarca,1952,177,19843000.0,4,942100.0,0,0.0,181,20785100.0
88,25,25326,guatavita,cundinamarca,1952,264,33999800.0,13,5559000.0,0,0.0,277,39558800.0
89,25,25377,la calera,cundinamarca,1952,195,17979250.0,51,21259959.0,0,0.0,246,39239209.0
90,25,25386,la mesa,cundinamarca,1952,1348,111748157.0,55,22457593.0,0,0.0,1405,134205750.0
91,25,25394,la palma,cundinamarca,1952,625,36759809.0,67,16666394.0,0,0.0,692,53426203.0
92,25,25398,la peña,cundinamarca,1952,229,15586500.0,32,7629000.0,0,0.0,261,23215500.0
93,25,25513,pacho,cundinamarca,1952,800,69865423.0,74,33814556.0,0,0.0,874,103679979.0
94,25,25662,san juan de rioseco,cundinamarca,1952,563,96131200.0,29,18744832.0,0,0.0,592,114876032.0
95,25,25718,sasaima,cundinamarca,1952,310,27879826.0,44,15471157.0,0,0.0,354,43350983.0
96,25,25754,soacha,cundinamarca,1952,451,64467100.0,28,8331900.0,0,0.0,479,72799000.0
97,25,25758,sopo,cundinamarca,1952,131,19652500.0,12,7272612.0,0,0.0,143,26925112.0
98,25,25843,ubate,cundinamarca,1952,1166,103769990.0,156,76455032.0,0,0.0,1322,180225022.0
99,25,25845,une,cundinamarca,1952,944,71094723.0,154,24110135.0,0,0.0,1098,95204858.0
100,25,25862,vergara,cundinamarca,1952,276,29139772.0,3,775000.0,0,0.0,279,29914772.0
101,25,25875,villeta,cundinamarca,1952,269,29824500.0,21,8453500.0,0,0.0,290,38278000.0
102,25,25899,zipaquira,cundinamarca,1952,395,48573563.0,84,35862060.0,0,0.0,479,84435623.0
103,41,41006,acevedo,huila,1952,532,25445000.0,38,6380727.0,0,0.0,570,31825727.0
104,41,41078,baraya,huila,1952,158,21860342.0,50,10727988.0,0,0.0,208,32588330.0
105,41,41298,garzon,huila,1952,915,73215392.0,301,68130318.0,0,0.0,1216,141345710.0
106,41,41396,la plata,huila,1952,389,27548007.0,235,37735302.0,0,0.0,624,65283309.0
107,41,41001,neiva,huila,1952,914,153745839.0,251,103354339.0,0,0.0,1165,257100178.0
108,41,41524,palermo,huila,1952,217,27262500.0,38,9939500.0,0,0.0,255,37202000.0
109,41,41551,pitalito,huila,1952,915,71291840.0,116,24354000.0,0,0.0,1031,95645840.0
110,41,41668,san agustin,huila,1952,268,28396500.0,50,18357500.0,0,0.0,318,46754000.0
111,41,41885,yaguara,huila,1952,288,58473200.0,72,19714555.0,0,0.0,360,78187755.0
112,47,20178,chiriguana,magdalena,1952,215,13372197.0,253,44564763.0,0,0.0,468,57936960.0
113,47,47245,el banco,magdalena,1952,188,36186508.0,504,125992195.0,0,0.0,692,162178703.0
114,47,47288,fundacion,magdalena,1952,202,65989647.0,333,179835952.0,0,0.0,535,245825599.0
115,47,47555,plato,magdalena,1952,315,49516929.0,641,194434057.0,0,0.0,956,243950986.0
116,47,44001,riohacha,magdalena,1952,46,2979894.0,67,15312000.0,0,0.0,113,18291894.0
117,47,44650,san juan del cesar,magdalena,1952,237,38423475.0,324,82365475.0,0,0.0,561,120778950.0
118,47,47001,santa marta,magdalena,1952,390,78368519.0,155,67573153.0,0,0.0,545,145941672.0
119,47,20001,valledupar,magdalena,1952,464,92649656.0,530,190575257.0,0,0.0,994,283224913.0
120,47,44874,villanueva,magdalena,1952,281,37291236.0,189,46378157.0,0,0.0,470,83669393.0
121,50,50001,villavicencio,meta,1952,860,137571167.0,149,54251109.0,0,0.0,1009,191822276.0
122,52,52356,ipiales,nariño,1952,756,78945950.0,250,46363527.0,0,0.0,1006,125309477.0
123,52,52378,la cruz,nariño,1952,818,79434500.0,146,29263000.0,0,0.0,964,108697500.0
124,52,52399,la union,nariño,1952,849,70561553.0,297,49113885.0,0,0.0,1146,119675438.0
125,52,52001,pasto,nariño,1952,1466,114879328.0,1121,249482796.0,0,0.0,2587,364362124.0
126,52,52678,samaniego,nariño,1952,268,15738227.0,90,10338964.0,0,0.0,358,26077191.0
127,52,52683,sandona,nariño,1952,215,15087000.0,43,7703400.0,0,0.0,258,22790400.0
128,52,52838,tuquerres,nariño,1952,665,46314080.0,394,55848582.0,0,0.0,1059,102162662.0
129,54,54128,cachira,norte de santander,1952,298,20442000.0,85,16638000.0,0,0.0,383,37080000.0
130,54,54172,chinacota,norte de santander,1952,292,33806862.0,82,19677763.0,0,0.0,374,53484625.0
131,54,54001,cucuta,norte de santander,1952,886,203642900.0,276,167243460.0,0,0.0,1162,370886360.0
132,54,54498,ocaña,norte de santander,1952,1156,134976809.0,397,179343789.0,0,0.0,1553,314320598.0
133,54,54518,pamplona,norte de santander,1952,821,70983930.0,328,68818808.0,0,0.0,1149,139802738.0
134,54,54660,salazar,norte de santander,1952,672,65812597.0,207,20811923.0,0,0.0,879,86624520.0
135,54,54720,sardinata,norte de santander,1952,507,66051795.0,40,9642500.0,0,0.0,547,75694295.0
136,54,54820,toledo,norte de santander,1952,463,38171003.0,97,18037700.0,0,0.0,560,56208703.0
137,86,86001,mocoa,putumayo,1952,81,4555000.0,91,14159000.0,0,0.0,172,18714000.0
138,88,88001,san andres,san andres y providencia,1952,78,2926200.0,4,390000.0,0,0.0,82,3316200.0
139,68,68001,bucaramanga,santander,1952,1338,155479480.0,343,150755039.0,0,0.0,1681,306234519.0
140,68,68167,charala,santander,1952,735,68814600.0,171,39014974.0,0,0.0,906,107829574.0
141,68,68432,malaga,santander,1952,1374,88310033.0,29,8493300.0,0,0.0,1403,96803333.0
142,68,68444,matanza,santander,1952,426,23287457.0,44,8693621.0,0,0.0,470,31981078.0
143,68,68572,puente nacional,santander,1952,444,27191196.0,463,58121345.0,0,0.0,907,85312541.0
144,68,68615,rionegro,santander,1952,293,37956106.0,71,13649800.0,0,0.0,364,51605906.0
145,68,68669,san andres,santander,1952,540,34827500.0,115,23505000.0,0,0.0,655,58332500.0
146,68,68679,san gil,santander,1952,837,91286797.0,128,43492576.0,0,0.0,965,134779373.0
147,68,68689,san vicente,santander,1952,355,44358128.0,175,61924409.0,0,0.0,530,106282537.0
148,68,68755,socorro,santander,1952,1007,113017383.0,285,112488726.0,0,0.0,1292,225506109.0
149,68,68780,surata,santander,1952,139,8283000.0,24,3772000.0,0,0.0,163,12055000.0
150,68,68861,velez,santander,1952,640,46851906.0,170,33406090.0,0,0.0,810,80257996.0
151,73,73055,armero,tolima,1952,488,131871923.0,204,82341059.0,0,0.0,692,214212982.0
152,73,73168,chaparral,tolima,1952,269,28188513.0,76,30128246.0,0,0.0,345,58316759.0
153,73,73319,el guamo,tolima,1952,842,73216500.0,132,63433975.0,0,0.0,974,136650475.0
154,73,73268,espinal,tolima,1952,834,88504103.0,120,52400742.0,0,0.0,954,140904845.0
155,73,73283,fresno,tolima,1952,630,50985377.0,93,31588660.0,0,0.0,723,82574037.0
156,73,73347,herveo,tolima,1952,164,14078000.0,22,4655500.0,0,0.0,186,18733500.0
157,73,73349,honda,tolima,1952,556,70534946.0,140,56652921.0,0,0.0,696,127187867.0
158,73,73001,ibague,tolima,1952,1797,329253386.0,864,332082387.0,0,0.0,2661,661335773.0
159,73,73352,icononzo,tolima,1952,578,54668651.0,82,20205360.0,0,0.0,660,74874011.0
160,73,73411,libano,tolima,1952,676,80997000.0,201,46433962.0,0,0.0,877,127430962.0
161,73,73504,ortega,tolima,1952,501,56948000.0,131,29173496.0,0,0.0,632,86121496.0
162,73,73585,purificacion,tolima,1952,883,141047587.0,472,128717334.0,0,0.0,1355,269764901.0
163,73,73675,san antonio,tolima,1952,215,30366024.0,57,15812097.0,0,0.0,272,46178121.0
164,73,73678,san luis,tolima,1952,380,31424791.0,55,15497259.0,0,0.0,435,46927050.0
165,73,73686,santa isabel,tolima,1952,101,20405000.0,44,9634079.0,0,0.0,145,30039079.0
166,73,73870,villahermosa,tolima,1952,349,25345100.0,88,13856742.0,0,0.0,437,39201842.0
167,76,76113,buga,valle del cauca,1952,735,62158239.0,347,109078099.0,0,0.0,1082,171236338.0
168,76,76122,caicedonia,valle del cauca,1952,350,85245900.0,164,49447700.0,0,0.0,514,134693800.0
169,76,76001,cali,valle del cauca,1952,1184,124142597.0,591,225293531.0,0,0.0,1775,349436128.0
170,76,76147,cartago,valle del cauca,1952,800,170026088.0,187,105188035.0,0,0.0,987,275214123.0
171,76,76248,cerrito,valle del cauca,1952,125,11580100.0,58,22248100.0,0,0.0,183,33828200.0
172,76,76243,el aguila,valle del cauca,1952,172,31644000.0,20,6922000.0,0,0.0,192,38566000.0
173,76,76246,el cairo,valle del cauca,1952,213,39669000.0,34,8908000.0,0,0.0,247,48577000.0
174,76,76520,palmira,valle del cauca,1952,622,78519200.0,260,117981693.0,0,0.0,882,196500893.0
175,76,76622,roldanillo,valle del cauca,1952,842,103219876.0,368,120402172.0,0,0.0,1210,223622048.0
176,76,76736,sevilla,valle del cauca,1952,396,73500200.0,321,104801000.0,0,0.0,717,178304200.0
177,76,76828,trujillo,valle del cauca,1952,391,54029041.0,117,35131757.0,0,0.0,508,89160798.0
178,76,76834,tulua,valle del cauca,1952,1116,146505320.0,319,117155599.0,0,0.0,1435,263660919.0
